Problem,Correct Answer,LLM Output,Extracted Answer
"Which class is used to initialize a system with Non-Smooth Contact mechanics in PyChrono? 'A. chrono.ChSystemNSC()', 'B. chrono.ChSystemSMC()', 'C. chrono.ChSystem()', 'D. chrono.ChSystemContact()'",A,"'A. chrono.ChSystemNSC()' is the correct class used to initialize a system with Non-Smooth Contact mechanics in PyChrono. This class is essential for simulating interactions that involve contact forces, such as collisions.",A
"What method is used to set the friction coefficient for a contact material in PyChrono? 'A. material.SetFriction(value)', 'B. material.SetFrictionCoefficient(value)', 'C. material.SetFrictionValue(value)', 'D. material.SetFrictionFactor(value)'",A,A. material.SetFriction(value),A
"How do you add a body to the simulation in PyChrono? 'A. sys.AddBody(body)', 'B. sys.Add(body)', 'C. sys.Insert(body)', 'D. sys.AddObject(body)'",B,A. sys.AddBody(body),A
"What method is used to set the mass of a body in PyChrono? 'A. body.SetWeight(mass)', 'B. body.SetMass(mass)', 'C. body.MassSet(mass)', 'D. body.SetMassValue(mass)'",B,"'B. body.SetMass(mass)' is the correct method to set the mass of a body in PyChrono. This method directly assigns the specified mass value to the body, which is crucial for accurate physics calculations.",B
"Which method initializes a revolute joint in PyChrono? 'A. chrono.ChLinkRevolute.Initialize(body1, body2, frame)', 'B. chrono.ChLinkLockRevolute.Initialize(body1, body2, frame)', 'C. chrono.ChLinkRevolute.Setup(body1, body2, frame)', 'D. chrono.ChLinkRevolute.Connect(body1, body2, frame)'",B,"A. chrono.ChLinkRevolute.Initialize(body1, body2, frame) is the correct method to initialize a revolute joint in PyChrono. This method connects two bodies around a specified frame, allowing them to rotate relative to each other.",A
"What is the purpose of the method sys.DoStepDynamics(time_step) in PyChrono? 'A. To reset the simulation', 'B. To advance the simulation by a time step', 'C. To render the simulation', 'D. To initialize the simulation'",B,'B. To advance the simulation by a time step',B
"Which method is used to retrieve the full path to a data file in PyChrono? 'A. chrono.GetDataFile(filename)', 'B. chrono.GetChronoDataFile(filename)', 'C. chrono.GetFilePath(filename)', 'D. chrono.GetResourcePath(filename)'",B,The correct method to retrieve the full path to a data file in PyChrono is 'A. chrono.GetDataFile(filename)'. This method is specifically designed to locate data files needed for simulations.,A
"What is the purpose of the method vis.AddCamera(position) in PyChrono? 'A. To set the camera's position in the scene', 'B. To add a camera to the simulation', 'C. To initialize the camera', 'D. To remove a camera from the scene'",A,A. To set the camera's position in the scene,A
"Which class is used to create a contact material for smooth body interactions in PyChrono? 'A. chrono.ChContactMaterialNSC()', 'B. chrono.ChContactMaterialSMC()', 'C. chrono.ChContactMaterial()', 'D. chrono.ChMaterialSmooth()'",B,"'A. chrono.ChContactMaterialNSC()' is the correct class used to create a contact material for smooth body interactions in PyChrono. This class is designed for non-smooth contact interactions, which is essential for simulating collisions and interactions between bodies that do not have friction.",A
"What is the purpose of the 'chrono.SetChronoDataPath()' function in PyChrono? 'A. To set the simulation time step', 'B. To define the data paths for loading resources', 'C. To initialize the vehicle', 'D. To configure the visualization settings'",B,'B. To define the data paths for loading resources',B
"Which method is used to create an ART vehicle in PyChrono? 'A. veh.CreateVehicle(ART)', 'B. veh.ARTcar()', 'C. veh.NewVehicle(ART)', 'D. veh.InitializeVehicle(ART)'",B,"'A. veh.CreateVehicle(ART)' is the correct method to create an ART vehicle in PyChrono. This method initializes the vehicle model, allowing it to be used in the simulation.",A
"How is the camera configured to follow the vehicle? 'A. vis.SetCameraFollow(vehicle)', 'B. vis.SetChaseCamera(trackPoint, distance, height)', 'C. vis.AttachCamera(vehicle)', 'D. vis.FollowVehicle(vehicle)',",B,"'B. vis.SetChaseCamera(trackPoint, distance, height)' is the correct way to configure the camera to follow the vehicle in PyChrono. This method allows you to set a specific point in space relative to the vehicle, along with distance and height parameters, to create a chase camera effect.",B
"What is the purpose of the 'driver.SetThrottleDelta()' method? 'A. To set the maximum speed', 'B. To control the throttle response time', 'C. To initialize the driver', 'D. To set the braking response time'",B,"'B. To control the throttle response time' is the correct answer. The 'driver.SetThrottleDelta()' method is used to define how quickly the throttle input responds to user commands, which affects the vehicle's acceleration behavior.",B
"Which function is used to initialize the terrain in PyChrono simulation? 'A. terrain.InitializeTerrain()', 'B. terrain.Setup()', 'C. terrain.Initialize()', 'D. terrain.Start()'",C,"'A. terrain.InitializeTerrain()' is the correct function used to initialize the terrain in a PyChrono simulation. This method prepares the terrain for interaction with other objects, ensuring that its properties are set before the simulation begins.",A
"What does the 'vehicle.GetSystem().GetChTime()' function return? 'A. The current simulation time', 'B. The total simulation steps', 'C. The vehicle's speed', 'D. The frame rate'",A,A. The current simulation time,A
"Which method is used to set the friction of the terrain material? 'A. patch_mat.SetFriction()', 'B. patch_mat.SetFrictionCoefficient()', 'C. patch_mat.SetFrictionValue()', 'D. patch_mat.SetFrictionLevel()'",A,"'A. patch_mat.SetFriction()' is the correct method used to set the friction of the terrain material in PyChrono. This method allows you to define how much resistance the terrain will provide against the motion of the vehicle, which is crucial for realistic simulations of vehicle dynamics.",A
"Which module is used for finite element analysis in PyChrono? 'A. pychrono', 'B. pychrono.fea', 'C. pychrono.pardisomkl', 'D. pychrono.irrlicht'",B,'B. pychrono.fea' is the correct module used for finite element analysis in PyChrono. This module provides the necessary classes and functions to define and analyze finite element models.,B
"What class is used to initialize a smooth contact physical system in PyChrono? 'A. ChSystem', 'B. ChSystemSMC', 'C. ChSystemFEA', 'D. ChSystemDynamics'",B,"'B. ChSystemSMC' is the correct class used to initialize a smooth contact physical system in PyChrono. This class is specifically designed for simulations that involve smooth contact interactions, making it suitable for many mechanical systems.",B
"Which method sets the Young's modulus of a beam section in PyChrono? 'A. msection.SetYoungModulus(value)', 'B. msection.SetYoungModulus(value, unit)', 'C. msection.SetYoungsModulus(value, unit)', 'D. msection.SetYoungsModulus(value)'",A,"The correct method to set the Young's modulus of a beam section in PyChrono is 'A. msection.SetYoungModulus(value)'. This method allows you to specify the stiffness of the material, which is crucial for determining how the beam will deform under load.",A
"What is the purpose of the ChNodeFEAxyzrot class in PyChrono? 'A. To define a fixed node', 'B. To create a node with position and rotation', 'C. To apply forces to nodes', 'D. To visualize nodes'",B,'B. To create a node with position and rotation',B
"Which function is used to add a mesh to the physical system in PyChrono? 'A. sys.AddMesh(mesh)', 'B. sys.Add(mesh)', 'C. sys.Attach(mesh)', 'D. sys.Insert(mesh)'",B,A. sys.AddMesh(mesh),A
"What does the SetAutomaticGravity method do in PyChrono? 'A. Enables gravity for all elements', 'B. Disables automatic gravity for FEA elements', 'C. Sets the gravity vector', 'D. Applies gravity to specific nodes'",B,'B. Disables automatic gravity for FEA elements',B
"Which class is used to create a visualization window in PyChrono? 'A. ChVisualSystem', 'B. ChVisualSystemIrrlicht', 'C. ChVisualization', 'D. ChRenderSystem'",B,'B. ChVisualSystemIrrlicht' is the class used to create a visualization window in PyChrono. This class integrates with the Irrlicht engine to provide graphical representation of the simulation.,B
"What is the purpose of the ChLinkMateGeneric class in PyChrono? 'A. To create visual shapes', 'B. To define constraints between bodies', 'C. To apply forces', 'D. To initialize the simulation system'",B,'B. To define constraints between bodies',B
"Which solver is set for improved accuracy in the simulation? 'A. ChSolverMKL', 'B. ChSolverPardisoMKL', 'C. ChSolverDefault', 'D. ChSolverFEA'",B,"'B. ChSolverPardisoMKL' is the solver set for improved accuracy in the simulation. This solver is optimized for handling large systems of equations, which is particularly beneficial in finite element analysis (FEA) scenarios.",B
"What does the DoStepDynamics method do in the simulation loop? 'A. Initializes the simulation', 'B. Renders the scene', 'C. Advances the simulation by one time step', 'D. Resets the simulation'",C,'C. Advances the simulation by one time step',C
"Which method is used to initialize a rotational motor in PyChrono? 'A. motor.Initialize(body1, body2)', 'B. motor.SetMotor(body1, body2)', 'C. motor.Start(body1, body2)', 'D. motor.Begin(body1, body2)'",A,"A. motor.Initialize(body1, body2)",A
"Which method is used to add a body to the physical system in PyChrono? 'A. sys.AddBody(body)', 'B. sys.Add(body)', 'C. sys.InsertBody(body)', 'D. sys.AttachBody(body)'",A,A. sys.AddBody(body),A
"What is the purpose of the ChVisualShapeBox class in the PyChrono simulation? 'A. To define physical properties', 'B. To create a visual representation of a body', 'C. To set constraints between bodies', 'D. To initialize the simulation'",B,'B. To create a visual representation of a body',B
"What does the method sys.SetSolver(pardiso_solver) do in the PyChrono simulation? 'A. Sets the simulation speed', 'B. Defines the solver for the system', 'C. Initializes the visualization', 'D. Configures the output directory'",B,'B. Defines the solver for the system',B
"Which class is used to create a mesh for finite element analysis in PyChrono? 'A. ChMeshContainer', 'B. ChMesh', 'C. ChFEMMesh', 'D. ChFiniteElementMesh'",B,"'B. ChMesh' is the correct class used to create a mesh for finite element analysis in PyChrono. This class allows you to define a collection of finite elements and their properties, facilitating the simulation of complex physical systems.",B
"What is the purpose of the vis.AddCamera() method in the PyChrono visualization? 'A. To set the simulation parameters', 'B. To add a camera to the scene', 'C. To initialize the physical system', 'D. To create visual shapes'",B,'B. To add a camera to the scene',B
"Which method is used to perform a simulation step in PyChrono? 'A. sys.Step()', 'B. sys.DoStep()', 'C. sys.DoStepDynamics()', 'D. sys.RunStep()'",C,"'C. sys.DoStepDynamics()' is the correct method to perform a simulation step in PyChrono. This method advances the simulation by a specified time step, allowing for the integration of dynamics and the updating of the system's state.",C
"What is the purpose of the ChBuilderCableANCF class in PyChrono? 'A. To create a fixed reference frame', 'B. To facilitate the creation of ANCF beams', 'C. To apply forces to nodes', 'D. To visualize the simulation'",B,'B. To facilitate the creation of ANCF beams',B
"Which method is used to set the diameter of a cable section in PyChrono? 'A. SetCableDiameter(diameter)', 'B. SetDiameter(diameter)', 'C. SetCableSize(diameter)', 'D. SetThickness(diameter)'",B,"'B. SetDiameter(diameter)' is the correct method used to set the diameter of a cable section in PyChrono. This method allows you to define the size of the cable, which is important for accurately simulating its physical properties and interactions.",B
"What does the SetYoungModulus method define for a beam section in PyChrono? 'A. The beam's length', 'B. The beam's diameter', 'C. The material stiffness', 'D. The beam's color'",C,'C. The material stiffness',C
"Which function is used to apply a force to a node in PyChrono? 'A. ApplyForce(node, force)', 'B. SetForce(force)', 'C. node.SetForce(force)', 'D. node.ApplyForce(force)'",C,"'D. node.ApplyForce(force)' is the correct function used to apply a force to a node in PyChrono. This method directly applies the specified force vector to the node, affecting its motion according to the physics defined in the simulation.",D
"Which method initializes the visualization system in PyChrono? 'A. vis.InitializeSystem()', 'B. vis.Start()', 'C. vis.Initialize()', 'D. vis.Setup()'",C,"The correct answer is 'A. vis.InitializeSystem()'. This method is used to initialize the visualization system in PyChrono, preparing it for rendering the simulation.",A
"What is the purpose of the SetFEMdataType method in the visualization setup? 'A. To define the type of visualization data', 'B. To set the color of the mesh', 'C. To adjust the camera angle', 'D. To change the simulation speed'",A,A. To define the type of visualization data,A
"What does the SetWindowSize method configure in the Irrlicht visualization? 'A. The size of the simulation', 'B. The size of the rendering window', 'C. The size of the mesh window', 'D. The size of the camera window'",B,'B. The size of the rendering window',B
"Which class is used to create a non-smooth contact physical system in PyChrono? 'A. ChSystemNSC', 'B. ChSystemSMC', 'C. ChSystem', 'D. ChSystemContact'",A,"'A. ChSystemNSC' is the class used to create a non-smooth contact physical system in PyChrono. This class is designed for simulations that involve non-smooth contacts, allowing for accurate modeling of interactions between bodies that may experience impacts or friction.",A
"What method is used to load a predefined mesh in PyChrono? 'A. LoadMesh()', 'B. LoadWavefrontMesh()', 'C. LoadMeshFile()', 'D. LoadWavefront()'",B,"'B. LoadWavefrontMesh()' is the correct method used to load a predefined mesh in PyChrono. This method allows you to import mesh files in the Wavefront format, which can then be used for visualizing bodies in the simulation.",B
"How do you set the position of a body in PyChrono? 'A. body.SetPosition()', 'B. body.SetPos()', 'C. body.SetPosit()', 'D. body.SetLocation()'",B,"'B. body.SetPos()' is the correct method to set the position of a body in PyChrono. This method takes a vector as an argument, which defines the new position of the body in the simulation space.",B
"Which method is used to add a visual shape to a body in PyChrono? 'A. AddVisualShape()', 'B. AttachVisualShape()', 'C. SetVisualShape()', 'D. AddShape()'",A,A. AddVisualShape(),A
"What is the purpose of the ChSensorManager in PyChrono? 'A. To manage physical bodies', 'B. To manage sensors', 'C. To manage visual shapes', 'D. To manage simulation time'",B,'B. To manage sensors',B
"Which method is used to set the lag for a camera sensor in PyChrono? 'A. SetLag()', 'B. SetDelay()', 'C. SetTimeLag()', 'D. SetSensorLag()'",A,"'A. SetLag()' is the correct method used to set the lag for a camera sensor in PyChrono. This method allows you to define a delay in the sensor's data output, which can be important for synchronizing sensor data with other simulation events.",A
"Which function is used to step the simulation forward in PyChrono? 'A. StepSimulation()', 'B. DoStepDynamics()', 'C. AdvanceSimulation()', 'D. UpdateDynamics()'",B,"'B. DoStepDynamics()' is the correct function used to step the simulation forward in PyChrono. This method advances the simulation by a specified time step, allowing for the progression of dynamics in the simulation environment.",B
"Which module is used for vehicle dynamics in PyChrono? 'A. pychrono.truck', 'B. pychrono.car', 'C. pychrono.vehicle', 'D. pychrono.veh'",C,"'C. pychrono.vehicle' is the correct module used for vehicle dynamics in PyChrono. This module provides the necessary classes and functions to simulate the behavior of vehicles, including their interactions with terrain and other objects.",C
"What function is used to set the data path for the Chrono library? 'A. chrono.SetDataPath()', 'B. chrono.SetChronoDataPath()', 'C. chrono.SetPath()', 'D. chrono.SetChronoPath()'",B,"'B. chrono.SetChronoDataPath()' is the correct function used to set the data path for the Chrono library. This function allows you to specify the directory where the library can find necessary data files, such as meshes and textures, which are essential for running simulations correctly.",B
"Which method initializes the vehicle in the simulation? 'A. vehicle.Start()', 'B. vehicle.Initialize()', 'C. vehicle.Begin()', 'D. vehicle.Setup()'",B,'B. vehicle.Initialize()' is the correct method to initialize the vehicle in the simulation. This method prepares the vehicle for simulation by setting up its initial state and parameters.,B
"Which function is used to set the camera tracking point? 'A. vis.SetCameraPosition()', 'B. vis.SetChaseCamera()', 'C. vis.SetCameraTrack()', 'D. vis.SetTrackPoint()'",B,"The correct answer is 'D. vis.SetTrackPoint()'. This function is used to set the point in the simulation that the camera will follow, allowing for a dynamic view of the vehicle as it moves.",D
"What is the purpose of the 'driver.Synchronize()' method in the simulation loop? 'A. To update the vehicle position', 'B. To process driver inputs', 'C. To render the scene', 'D. To initialize the driver'",B,'B. To process driver inputs',B
"Which method is used to print the vehicle mass to the console? 'A. print(vehicle.GetMass())', 'B. print(vehicle.GetVehicle().GetMass())', 'C. vehicle.PrintMass()', 'D. vehicle.GetMass().Print()'",B,'B. print(vehicle.GetVehicle().GetMass())' is the correct method to print the vehicle mass to the console. This method retrieves the mass of the vehicle object and outputs it.,B
"Which function is used to create the terrain in the simulation? 'A. veh.CreateTerrain()', 'B. veh.RigidTerrain()', 'C. terrain.Create()', 'D. terrain.Initialize()'",B,"'B. veh.RigidTerrain()' is the correct function used to create the terrain in the simulation. This function initializes a rigid terrain object that can interact with the vehicle, allowing for realistic terrain dynamics.",B
"What is the purpose of the `chrono.ChSystemNSC()` in PyChrono? 'A. To create a new simulation system', 'B. To set the simulation time step', 'C. To initialize the visualization', 'D. To define the collision model'",A,A. To create a new simulation system,A
"Which method is used to set the gravitational acceleration in the PyChrono system? 'A. system.SetGravity(gravity)', 'B. system.SetGravitationalAcceleration(gravity)', 'C. system.SetGravityAcceleration(gravity)', 'D. system.SetAcceleration(gravity)'",B,"The correct method to set the gravitational acceleration in the PyChrono system is 'A. system.SetGravity(gravity)'. This method takes a vector as an argument, which defines the direction and magnitude of the gravitational force acting on the bodies within the system.",A
"How do you fix a body in place in PyChrono? 'A. body.SetFixed(True)', 'B. body.Fix()', 'C. body.SetStatic(True)', 'D. body.SetPositionFixed(True)'",A,"'A. body.SetFixed(True)' is the correct method to fix a body in place in PyChrono. This function ensures that the body does not move during the simulation, effectively making it a static object.",A
"What function is used to initialize the rover's position and orientation? 'A. rover.Initialize(position, orientation)', 'B. rover.SetInitialPosition(position, orientation)', 'C. rover.Initialize(chrono.ChFramed(position, orientation))', 'D. rover.SetPositionAndOrientation(position, orientation)'",C,"The correct function to initialize the rover's position and orientation is 'C. rover.Initialize(chrono.ChFramed(position, orientation))'. This method takes a frame that includes both the position and orientation, ensuring that the rover starts at the correct location and orientation in the simulation.",C
"Which class is used to create the Curiosity rover in PyChrono? 'A. chrono.CuriosityRover', 'B. robot.Curiosity', 'C. chrono.RoverCuriosity', 'D. robot.CuriosityRover'",B,"'B. robot.Curiosity' is the class used to create the Curiosity rover in PyChrono. This class encapsulates the functionality and properties of the Curiosity rover, allowing it to be instantiated and manipulated within the simulation environment.",B
"What is the purpose of the `vis.BeginScene()` method in the simulation loop? 'A. To start the simulation', 'B. To prepare the rendering of the scene', 'C. To update the rover dynamics', 'D. To set the camera position'",B,'B. To prepare the rendering of the scene',B
"Which method is used to advance the simulation by one time step? 'A. system.StepDynamics(time_step)', 'B. system.DoStepDynamics(time_step)', 'C. system.AdvanceDynamics(time_step)', 'D. system.UpdateDynamics(time_step)'",B,"'B. system.DoStepDynamics(time_step)' is the correct method used to advance the simulation by one time step in PyChrono. This method updates the state of the simulation based on the defined time step, allowing for the progression of dynamics.",B
"What is the purpose of the `driver.SetSteering(steering)` method? 'A. To control the rover's speed', 'B. To set the rover's steering input', 'C. To initialize the rover', 'D. To update the rover's position'",B,'B. To set the rover's steering input',B
"Which library is used for rendering the simulation visually in PyChrono? 'A. matplotlib', 'B. OpenGL', 'C. irrlicht', 'D. pygame'",C,'B. OpenGL' is the library used for rendering the simulation visually in PyChrono.,B
"Which class is used to create a 3D vector in PyChrono? 'A. ChVector', 'B. ChVector3d', 'C. ChVector3D', 'D. Vector3D'",B,'B. ChVector3d' is the correct class used to create a 3D vector in PyChrono. This class is specifically designed for representing three-dimensional vectors and provides various methods for vector operations.,B
"What operator is used to calculate the cross product of two vectors in PyChrono? 'A. *', 'B. +', 'C. %', 'D. ^'",C,'D. ^' is the correct operator used to calculate the cross product of two vectors in PyChrono. The cross product is essential for determining the direction of forces in 3D space.,D
"Which method is used to compute the length of a vector in PyChrono? 'A. Length()', 'B. GetLength()', 'C. Magnitude()', 'D. Norm()'",A,"'A. Length()' is the correct method to compute the length of a vector in PyChrono. This method returns the Euclidean length of the vector, which is essential for understanding its magnitude in simulations involving motion and forces.",A
"What is the purpose of the ChQuaterniond class in PyChrono? 'A. To represent 2D vectors', 'B. To perform matrix operations', 'C. To represent quaternions for rotations', 'D. To create rigid bodies'",C,'C. To represent quaternions for rotations',C
"How do you create a sine function using PyChrono? 'A. chrono.ChFunctionSine()', 'B. chrono.SineFunction()', 'C. chrono.CreateSineFunction()', 'D. chrono.Sine()'",A,A. chrono.ChFunctionSine(),A
"What is the purpose of the ChFramed class in PyChrono? 'A. To represent a 3D point', 'B. To define a transformation frame', 'C. To create a rigid body', 'D. To perform vector operations'",B,'B. To define a transformation frame',B
"Which operator is used to compute the dot product of two quaternions in PyChrono? 'A. *', 'B. +', 'C. %', 'D. ^'",D,'A. *' is the correct operator to compute the dot product of two quaternions in PyChrono.,A
"What is the correct way to initialize a quaternion with four components in PyChrono? 'A. chrono.ChQuaterniond(1, 2, 3)', 'B. chrono.ChQuaterniond(1, 2, 3, 4)', 'C. chrono.ChQuaternion(1, 2, 3, 4)', 'D. chrono.Quat(1, 2, 3, 4)'",B,"'B. chrono.ChQuaterniond(1, 2, 3, 4)' is the correct way to initialize a quaternion with four components in PyChrono.",B
"Which method is used to compute the derivative of a custom function in PyChrono? 'A. GetDerivative()', 'B. GetDer()', 'C. Derivative()', 'D. ComputeDerivative()'",B,'B. GetDer()' is the method used to compute the derivative of a custom function in PyChrono. This method should be implemented in your custom function class to return the rate of change of the function's value with respect to its input.,B
"Which library is essential for handling matrices and arrays in PyChrono? 'A. math', 'B. os', 'C. numpy', 'D. scipy'",C,'C. numpy' is the essential library for handling matrices and arrays in PyChrono.,C
"What method is used to set a quaternion from a rotation about the X-axis? 'A. q.SetFromAngleX(angle)', 'B. q.SetAngleX(angle)', 'C. q.SetRotationX(angle)', 'D. q.SetFromX(angle)'",A,The correct method to set a quaternion from a rotation about the X-axis is 'A. q.SetFromAngleX(angle)'. This method takes an angle in radians and updates the quaternion to represent the rotation around the X-axis.,A
"How are the Euler angles converted to radians in PyChrono simulation? 'A. Using math.radians()', 'B. Using chrono.CH_DEG_TO_RAD', 'C. Using numpy.deg2rad()', 'D. Using math.degrees()'",B,'B. Using chrono.CH_DEG_TO_RAD' is the correct method for converting Euler angles to radians in PyChrono simulation. This constant provides the conversion factor needed for the simulation to accurately interpret the angles.,B
"Which function is called to create a rotation matrix from a quaternion? 'A. chrono.ChMatrix3d(q)', 'B. chrono.ChMatrix33d(q)', 'C. chrono.CreateRotationMatrix(q)', 'D. chrono.RotationMatrix(q)'",B,"'B. chrono.ChMatrix33d(q)' is the correct function to create a rotation matrix from a quaternion in PyChrono. This class is specifically designed to handle 3x3 matrices, which are used for representing rotations in 3D space.",B
"Which method is used to retrieve Euler angles from a quaternion? 'A. q.GetEulerAngles()', 'B. q.GetCardanAnglesXYZ()', 'C. q.GetAnglesXYZ()', 'D. q.GetRotationAngles()'",B,'B. q.GetCardanAnglesXYZ()' is the correct method to retrieve Euler angles from a quaternion in PyChrono.,B
"What is the purpose of the 'GetVal' method in the custom function class? 'A. To set the value of the function', 'B. To get the value of the function at a specific x', 'C. To evaluate the derivative of the function', 'D. To create a new function'",B,'B. To get the value of the function at a specific x',B
"Which method is used to create a ramp function in PyChrono? 'A. chrono.ChFunctionRamp()', 'B. chrono.CreateRampFunction()', 'C. chrono.RampFunction()', 'D. chrono.CreateRamp()'",A,A. chrono.ChFunctionRamp(),A
"What does the 'SetAmplitude' method configure in a sine function? 'A. The frequency of the sine wave', 'B. The vertical shift of the sine wave', 'C. The height of the sine wave', 'D. The duration of the sine wave'",C,'C. The height of the sine wave',C
"How do you create an output directory in PyChrono? 'A. os.create(out_dir)', 'B. os.mkdir(out_dir)', 'C. os.newdir(out_dir)', 'D. os.make_directory(out_dir)'",B,'B. os.mkdir(out_dir)' is the correct method to create an output directory in PyChrono. This function attempts to create a new directory at the specified path.,B
"What is the output of the 'GetDer' method? 'A. The value of the function', 'B. The first derivative of the function', 'C. The second derivative of the function', 'D. The amplitude of the function'",B,'B. The first derivative of the function',B
"Which class is used to create a sequence of functions in PyChrono? 'A. chrono.ChFunctionSequence()', 'B. chrono.FunctionSequence()', 'C. chrono.ChSequence()', 'D. chrono.SequenceFunction()'",A,A. chrono.ChFunctionSequence(),A
"What does the 'SetSliceWidth' method do in a repeating sequence? 'A. Sets the height of the slice', 'B. Sets the duration of the slice', 'C. Sets the width of each slice', 'D. Sets the start point of the slice'",C,'C. Sets the width of each slice',C
"Which method is used to write results to a file in Python? 'A. writeFile()', 'B. file.write()', 'C. write()', 'D. file.output()'",B,'B. file.write()' is the correct method used to write results to a file in Python. This method allows you to output strings to a file object that has been opened for writing.,B
"What is the purpose of the 'Setup' method in a function sequence? 'A. To prepare the function sequence for evaluation', 'B. To create a new function', 'C. To reset the function sequence', 'D. To delete the function sequence'",A,'A. To prepare the function sequence for evaluation',A
"Which module is used for core simulation functionalities in PyChrono? 'A. pychrono.irrlicht', 'B. pychrono', 'C. pychrono.central', 'D. pychrono.simulation'",B,"'B. pychrono' is the correct module used for core simulation functionalities in PyChrono. This module provides the essential classes and methods for creating and managing simulations, including physical bodies, forces, and the simulation loop.",B
"What class is used to report contact events in PyChrono? 'A. ContactMaterial', 'B. ChBody', 'C. ReportContactCallback', 'D. ChSystemNSC'",C,C. ReportContactCallback,C
"What is the purpose of the OnAddContact method in the ContactMaterial class? 'A. To initialize the simulation', 'B. To report contact points', 'C. To set friction properties', 'D. To create bodies'",C,'B. To report contact points',B
"Which function is used to add a box geometry to a body in PyChrono? 'A. chrono.AddBoxGeometry(body, material, size, position)', 'B. body.AddBoxGeometry(material, size, position)', 'C. chrono.AddBox(body, material, size, position)', 'D. body.AddGeometryBox(material, size, position)'",A,"The correct answer is 'B. body.AddBoxGeometry(material, size, position)'. This function is used to add a box geometry to a body, specifying the material, size, and position of the box relative to the body's coordinate system.",B
"Which method is used to enable collision for a body in PyChrono? 'A. body.EnableCollision()', 'B. body.SetCollisionEnabled(True)', 'C. body.CollisionEnable()', 'D. body.SetCollision(True)'",A,'A. body.EnableCollision()' is the correct method to enable collision for a body in PyChrono. This method ensures that the body participates in collision detection with other bodies in the simulation.,A
"What does the method sys.DoStepDynamics(dt) do in PyChrono? 'A. Initializes the simulation', 'B. Advances the simulation by a time step', 'C. Resets the simulation', 'D. Stops the simulation'",B,'B. Advances the simulation by a time step',B
"What is the purpose of the friction parameter in the simulation? 'A. To set the color of the bodies', 'B. To define the collision envelope', 'C. To control the sliding behavior between bodies', 'D. To set the mass of the bodies'",C,"'C. To control the sliding behavior between bodies' is the correct answer. The friction parameter determines how easily two bodies slide against each other during a collision, affecting the realism of the simulation.",C
"Which function is used to add falling items to the simulation in PyChrono? 'A. AddFallingItems(sys)', 'B. AddFallingBodies(sys)', 'C. CreateFallingItems(sys)', 'D. GenerateFallingItems(sys)'",A,"The correct function to add falling items to the simulation in PyChrono is 'A. AddFallingItems(sys)'. This function is designed to create and insert falling objects into the simulation system, allowing you to observe their dynamics under gravity.",A
"What is the purpose of the `chrono.ChLinkMotorRotationSpeed()` in the simulation? 'A. To control the rotation speed of a body', 'B. To create a fixed joint', 'C. To add a collision shape', 'D. To set the mass of a body'",A,A. To control the rotation speed of a body,A
"How is the visual representation of a sphere created in PyChrono? 'A. chrono.ChVisualShapeSphere(radius)', 'B. chrono.CreateVisualSphere(radius)', 'C. chrono.VisualShapeSphere(radius)', 'D. chrono.AddVisualSphere(radius)'",A,"'A. chrono.ChVisualShapeSphere(radius)' is the correct answer. This is the method used to create a visual representation of a sphere in PyChrono, where 'radius' specifies the size of the sphere.",A
"What does the `sys.DoStepDynamics(time_step)` function do in the simulation loop? 'A. Advances the simulation by one time step', 'B. Renders the visual scene', 'C. Initializes the simulation', 'D. Adds a new body to the system'",A,A. Advances the simulation by one time step.,A
"Which method is used to set the position of a body in PyChrono? 'A. body.SetPos(position)', 'B. body.SetPosition(position)', 'C. body.PositionSet(position)', 'D. body.SetPositionXYZ(x, y, z)'",A,'B. body.SetPosition(position)' is the correct method to set the position of a body in PyChrono. This method takes a vector as an argument and updates the body's position in the simulation.,B
"What is the purpose of the `AddContainerWall()` function? 'A. To create walls for the container', 'B. To add falling items', 'C. To initialize the simulation', 'D. To set the camera view'",A,A. To create walls for the container,A
"What is the expected output of the simulation? 'A. A visual representation of falling objects and a rotating mixer', 'B. A text output of forces', 'C. A log of simulation parameters', 'D. A 3D model file'",A,A. A visual representation of falling objects and a rotating mixer,A
"What method is used to set the collision system type in PyChrono? 'A. sys.SetCollisionType()', 'B. sys.SetCollisionSystem()', 'C. sys.SetCollisionSystemType()', 'D. sys.SetCollisionTypeSystem()'",C,C. sys.SetCollisionSystemType(),C
"Which class is used to create a fixed floor in PyChrono? 'A. ChBodyFixed', 'B. ChBodyEasyBox', 'C. ChBodyStatic', 'D. ChFloorBody'",B,"'A. ChBodyFixed' is the correct class used to create a fixed floor in PyChrono. This class allows you to define a body that does not move, providing a stable surface for other objects in the simulation.",A
"What is the purpose of the ChContactMaterialNSC class in PyChrono? 'A. To define visual properties', 'B. To define physical properties for collisions', 'C. To set the simulation time', 'D. To create a simulation environment'",B,'B. To define physical properties for collisions',B
"What is the purpose of the ChVisualShapeTriangleMesh class? 'A. To create a collision shape', 'B. To create a visual representation of a mesh', 'C. To define material properties', 'D. To set the simulation parameters'",B,'B. To create a visual representation of a mesh',B
"Which function is used to initialize the Irrlicht visualization system? 'A. vis.Start()', 'B. vis.Begin()', 'C. vis.Initialize()', 'D. vis.Setup()'",C,"The correct function to initialize the Irrlicht visualization system is 'C. vis.Initialize()'. This function sets up the visualization environment, preparing it to render the simulation.",C
"What is the purpose of the ChSystemNSC class in PyChrono? 'A. To create a simulation system for smooth dynamics', 'B. To create a simulation system for non-smooth contact dynamics', 'C. To visualize the simulation', 'D. To handle collision detection'",B,'B. To create a simulation system for non-smooth contact dynamics',B
"Which function is used to set the maximum number of iterations for the solver in PyChrono? 'A. sys.SetMaxIterations(70)', 'B. sys.GetSolver().SetMaxIterations(70)', 'C. sys.GetSolver().AsIterative().SetMaxIterations(70)', 'D. sys.SetSolverIterations(70)'",C,"The correct answer is 'C. sys.GetSolver().AsIterative().SetMaxIterations(70)'. This function is used to set the maximum number of iterations for the solver when using an iterative solver, which is important for controlling the accuracy and performance of the simulation.",C
"What does the SetCollisionSystemType method configure in the simulation? 'A. The type of visualization', 'B. The type of physics engine for collision detection', 'C. The type of material properties', 'D. The type of body dynamics'",B,'B. The type of physics engine for collision detection',B
"How do you enable collision detection for a body in PyChrono? 'A. body.EnableCollisionDetection(True)', 'B. body.EnableCollision(True)', 'C. body.SetCollisionEnabled(True)', 'D. body.CollisionEnable(True)'",B,"The correct answer is 'B. body.EnableCollision(True)'. This method is used to enable collision detection for a body in PyChrono, allowing it to interact with other bodies during the simulation.",B
"Which method is used to set the position of a brick in the simulation? 'A. body_brick.SetPos(chrono.ChVector3d(x, y, z))', 'B. body_brick.SetPosition(chrono.ChVector3d(x, y, z))', 'C. body_brick.SetPositionXYZ(x, y, z)', 'D. body_brick.PositionSet(chrono.ChVector3d(x, y, z))'",A,"The correct method to set the position of a brick in the simulation is 'A. body_brick.SetPos(chrono.ChVector3d(x, y, z))'. This method takes a vector as an argument and updates the position of the body in the simulation environment.",A
"What is the purpose of the ChLinkLockLock class in the simulation? 'A. To create a fixed joint between two bodies', 'B. To create a locking constraint between two bodies', 'C. To enable collision detection', 'D. To set the motion of a body'",B,'B. To create a locking constraint between two bodies',B
"Which method is used to set the friction property of a contact material in PyChrono? 'A. brick_material.SetFrictionCoefficient(0.5)', 'B. brick_material.SetFriction(0.5)', 'C. brick_material.FrictionSet(0.5)', 'D. brick_material.SetFrictionValue(0.5)'",B,"'A. brick_material.SetFrictionCoefficient(0.5)' is the correct method to set the friction property of a contact material in PyChrono. This method allows you to define how much resistance there is when two surfaces interact, which is crucial for realistic simulations of physical interactions.",A
"What is the purpose of the `chrono.ChSystemNSC()` in PyChrono? 'A. To create a new physical system', 'B. To set gravitational acceleration', 'C. To add a visual shape', 'D. To initialize a simulation loop'",A,A. To create a new physical system,A
"How do you create a ground body in PyChrono? 'A. chrono.ChBodyEasyBox(3, 2, 0.1, 10, True, False)', 'B. chrono.ChBodyFixed(3, 2, 0.1)', 'C. chrono.ChBodyMove(3, 2, 0.1, 10, False, True)', 'D. chrono.ChBody(3, 2, 0.1)'",A,"The correct answer is 'A. chrono.ChBodyEasyBox(3, 2, 0.1, 10, True, False)'. This method creates a simple box-shaped body that can be used to represent the ground in the simulation.",A
"What method is used to allow a body to move in PyChrono? 'A. body.SetFixed(True)', 'B. body.SetMovable(True)', 'C. body.SetFixed(False)', 'D. body.AllowMovement()'",C,'B. body.SetMovable(True)' is the correct method to allow a body to move in PyChrono. This method ensures that the body is not fixed in place and can interact with other bodies and forces in the simulation.,B
"Which class is used to create a planar constraint in PyChrono? 'A. ChLinkLockPlanar', 'B. ChLinkPlanar', 'C. ChConstraintPlanar', 'D. ChLinkLock'",A,A. ChLinkLockPlanar,A
"What is the purpose of the `spring.SetRestLength(1.9)` method? 'A. To set the spring's damping coefficient', 'B. To define the length of the spring when at rest', 'C. To initialize the spring', 'D. To connect two bodies with a spring'",B,'B. To define the length of the spring when at rest',B
"Which method is used to attach the physical system to the visual system in PyChrono? 'A. vis.AttachSystem(sys)', 'B. vis.Connect(sys)', 'C. vis.Link(sys)', 'D. vis.Bind(sys)'",A,A. vis.AttachSystem(sys),A
"What does the `vis.BeginScene()` method do in the simulation loop? 'A. Starts the rendering scene', 'B. Initializes the visual system', 'C. Ends the rendering scene', 'D. Updates the physical system'",A,A. Starts the rendering scene,A
"How is the initial position of a body set in PyChrono? 'A. body.SetPosition(chrono.ChVector3d(-1.25, -0.75, 0.1))', 'B. body.SetPos(chrono.ChVector3d(-1.25, -0.75, 0.1))', 'C. body.SetInitialPosition(chrono.ChVector3d(-1.25, -0.75, 0.1))', 'D. body.SetInitialPos(chrono.ChVector3d(-1.25, -0.75, 0.1))'",B,"The correct way to set the initial position of a body in PyChrono is 'C. body.SetInitialPosition(chrono.ChVector3d(-1.25, -0.75, 0.1))'. This method specifically sets the position that the body will have at the start of the simulation.",C
"What function is used to create a new Chrono system in PyChrono? 'A. chrono.ChSystem()', 'B. chrono.ChSystemNSC()', 'C. chrono.CreateSystem()', 'D. chrono.NewSystem()'",B,'B. chrono.ChSystemNSC()' is the correct function to create a new Chrono system specifically for non-contact simulations. This class allows you to set up a simulation environment that can handle various physical interactions.,B
"How do you set the gravitational acceleration to zero in PyChrono? 'A. sys.SetGravity(0)', 'B. sys.SetGravitationalAcceleration(chrono.ChVector3d(0, 0, 0))', 'C. sys.SetGravity(chrono.ChVector3d(0, 0, 0))', 'D. sys.SetAcceleration(0)'",B,"'B. sys.SetGravitationalAcceleration(chrono.ChVector3d(0, 0, 0))' and 'C. sys.SetGravity(chrono.ChVector3d(0, 0, 0))' are both correct methods to set the gravitational acceleration to zero in PyChrono. These methods ensure that gravity does not affect the bodies in the simulation.",B
"What is the purpose of the ChLinkMotorRotationAngle in PyChrono? 'A. To connect two bodies', 'B. To apply a rotational force', 'C. To impose angular velocity', 'D. To set the mass of a body'",C,"The purpose of the ChLinkMotorRotationAngle in PyChrono is 'C. To impose angular velocity'. This class is used to apply a specified rotational motion between two connected bodies, allowing you to control their angular dynamics.",C
"Which function is used to create a universal joint in PyChrono? 'A. chrono.ChLinkUniversal()', 'B. chrono.CreateUniversalJoint()', 'C. chrono.UniversalJoint()', 'D. chrono.ChUniversalJoint()'",A,A. chrono.ChLinkUniversal(),A
"How do you initialize a cylindrical joint in PyChrono? 'A. cyljoint.Initialize(body1, body2)', 'B. cyljoint.Init(body1, body2)', 'C. cyljoint.Initialize(ground, shaft_2, frame)', 'D. cyljoint.Setup(body1, body2)'",C,"The correct answer is 'A. cyljoint.Initialize(body1, body2)'. This method is used to initialize a cylindrical joint by specifying the two bodies it connects.",A
"What is the purpose of the ChVisualSystemIrrlicht in the simulation? 'A. To perform physics calculations', 'B. To visualize the simulation', 'C. To manage simulation time', 'D. To handle user inputs'",B,'B. To visualize the simulation',B
"What is the purpose of the 'chrono.ChVector3d' in the initialization section? 'A. To define the vehicle's speed', 'B. To set the vehicle's position', 'C. To create a camera view', 'D. To initialize the terrain dimensions'",B,'B. To set the vehicle's position',B
"Which function is used to create the visualization interface for the vehicle? 'A. veh.CreateVisualSystem()', 'B. veh.ChWheeledVehicleVisualSystem()', 'C. veh.ChWheeledVehicleVisualSystemIrrlicht()', 'D. veh.InitializeVisualSystem()'",C,'C. veh.ChWheeledVehicleVisualSystemIrrlicht()' is the correct function used to create the visualization interface for the vehicle in the Irrlicht engine. This class provides the necessary functionality to render the vehicle and its environment visually.,C
"What is the purpose of the 'driver.GetInputs()' method in the simulation loop? 'A. To retrieve vehicle mass', 'B. To get user control inputs', 'C. To update terrain settings', 'D. To synchronize the visualization'",B,'B. To get user control inputs',B
"Which method is used to initialize the Gator vehicle in PyChrono? 'A. vehicle.InitializeVehicle()', 'B. vehicle.Init()', 'C. vehicle.Initialize()', 'D. vehicle.Start()'",C,'A. vehicle.InitializeVehicle()' is the correct method to initialize the Gator vehicle in PyChrono. This method sets up the vehicle's parameters and prepares it for simulation.,A
"Which class is used to create the visualization system in PyChrono? 'A. ChVisualization', 'B. ChWheeledVehicleVisualSystem', 'C. ChWheeledVehicleVisualSystemIrrlicht', 'D. ChVisualSystem'",C,"'C. ChWheeledVehicleVisualSystemIrrlicht' is the class used to create the visualization system in PyChrono. This class integrates the Irrlicht engine for rendering the vehicle and its environment, allowing for real-time visualization of the simulation.",C
"What is the purpose of the 'driver.GetInputs()' method in the simulation loop? 'A. To get the current simulation time', 'B. To retrieve user inputs for vehicle control', 'C. To update the vehicle's position', 'D. To synchronize the visualization'",B,'B. To retrieve user inputs for vehicle control',B
"Which method is used to set the friction coefficient for the terrain in PyChrono? 'A. patch.SetFrictionCoefficient()', 'B. patch.SetFriction()', 'C. patch.SetFrictionValue()', 'D. patch.SetFrictionRatio()'",B,A. patch.SetFrictionCoefficient(),A
"Which method is used to advance the simulation for one timestep for vehicles? 'A. vehicle.Step()', 'B. vehicle.Advance()', 'C. vehicle.Update()', 'D. vehicle.Run()'",B,"'B. vehicle.Advance()' is the correct method used to advance the simulation for one timestep for vehicles in PyChrono. This method updates the vehicle's state based on the current simulation time and the defined timestep, ensuring that the vehicle's dynamics are accurately reflected in the simulation.",B
"How do you set the position of a body in PyChrono? 'A. body.SetPosition(x, y, z)', 'B. body.SetPos(x, y, z)', 'C. body.SetPosition(chrono.ChVector3d(x, y, z))', 'D. body.SetPos(chrono.ChVector3d(x, y, z))'",D,"The correct options for setting the position of a body in PyChrono are 'C. body.SetPosition(chrono.ChVector3d(x, y, z))' and 'D. body.SetPos(chrono.ChVector3d(x, y, z))'. Both methods achieve the same result, but 'SetPos' is often used for convenience.",C
"What is the purpose of the ChLinkLockRevolute class in PyChrono? 'A. To create a fixed joint between two bodies', 'B. To create a revolute joint allowing rotation', 'C. To create a prismatic joint', 'D. To create a gear constraint'",B,'B. To create a revolute joint allowing rotation',B
"Which function is used to apply a constant rotation speed to a gear in PyChrono? 'A. SetSpeedFunction()', 'B. SetRotationSpeed()', 'C. ApplyRotationSpeed()', 'D. SetMotorSpeed()'",A,"'A. SetSpeedFunction()' is the correct function used to apply a constant rotation speed to a gear in PyChrono. This method allows you to define how the speed of the gear changes over time, which is essential for simulating dynamic interactions in the system.",A
"What does the SetTransmissionRatio method do in a gear constraint? 'A. Sets the mass of the gear', 'B. Sets the distance between gears', 'C. Sets the ratio of rotation speeds between two gears', 'D. Sets the visual properties of the gears'",C,'C. Sets the ratio of rotation speeds between two gears',C
"What is the purpose of the ChVisualMaterial class in PyChrono? 'A. To define the physical properties of a body', 'B. To create visual representations for bodies', 'C. To manage simulation time', 'D. To handle collision detection'",B,'B. To create visual representations for bodies',B
"How do you initialize the visualization system in PyChrono? 'A. vis.InitializeSystem()', 'B. vis.Start()', 'C. vis.Initialize()', 'D. vis.Begin()'",C,"'A. vis.InitializeSystem()' is the correct answer. This method is used to initialize the visualization system in PyChrono, preparing it for rendering the simulation.",A
"Which method is used to create a GPS sensor in PyChrono? 'A. sens.ChGPSSensor()', 'B. sens.CreateGPSSensor()', 'C. sens.NewGPSSensor()', 'D. sens.GPSSensor()'",A,A. sens.ChGPSSensor() is the correct method to create a GPS sensor in PyChrono. This class is specifically designed for GPS sensor functionality within the framework.,A
"What does the `vehicle.SetChassisFixed(False)` command do? 'A. Fixes the chassis in place', 'B. Allows the chassis to move', 'C. Sets the chassis to be invisible', 'D. Initializes the chassis collision type'",B,'B. Allows the chassis to move',B
"What is the purpose of the `terrain.Initialize()` method? 'A. To create the vehicle', 'B. To set up the visualization', 'C. To prepare the terrain for simulation', 'D. To start the simulation loop'",C,"C. To prepare the terrain for simulation. The `terrain.Initialize()` method is used to set up the terrain parameters and ensure that it is ready for interaction with other objects, such as the vehicle, during the simulation.",C
"In the simulation loop, what does `realtime_timer.Spin(step_size)` do? 'A. Increases the simulation speed', 'B. Synchronizes the simulation with real time', 'C. Advances the simulation by one step', 'D. Renders the scene'",B,'B. Synchronizes the simulation with real time',B
"Which method is used to attach the vehicle to the visualization in PyChrono? 'A. vis.AttachVehicle()', 'B. vis.AddVehicle()', 'C. vis.LinkVehicle()', 'D. vis.ConnectVehicle()'",A,"The correct method to attach the vehicle to the visualization in PyChrono is 'A. vis.AttachVehicle()'. This method ensures that the vehicle is properly linked to the visualization system, allowing it to be rendered and tracked during the simulation.",A
"What does the command `imu.SetLag(0)` signify in the IMU sensor setup? 'A. No delay in sensor readings', 'B. Maximum delay in sensor readings', 'C. Average delay in sensor readings', 'D. Random delay in sensor readings'",A,'A. No delay in sensor readings',A
"What is the purpose of the MyCustomHandler class in the PyChrono simulation? 'A. To create a physics engine', 'B. To publish integer messages to a specified ROS topic', 'C. To manage the simulation time', 'D. To initialize the simulation system'",B,'B. To publish integer messages to a specified ROS topic',B
"Which method is used to create a ROS publisher in the MyCustomHandler class? 'A. interface.CreatePublisher()', 'B. interface.GetNode().create_publisher()', 'C. self.publisher.Create()', 'D. self.publisher.Publish()'",B,'B. interface.GetNode().create_publisher()' is the correct method used to create a ROS publisher in the MyCustomHandler class. This method is essential for initializing a publisher that can send messages to a specified topic in the ROS ecosystem.,B
"Which method is used to fix the floor object in place? 'A. floor.SetFixed(True)', 'B. floor.Fix()', 'C. floor.SetStatic(True)', 'D. floor.FixPosition()'",A,A. floor.SetFixed(True),A
"What is the purpose of the Tick method in the MyCustomHandler class? 'A. To initialize the ROS manager', 'B. To publish an integer message to the ROS topic', 'C. To create the simulation objects', 'D. To set the simulation time step'",B,'B. To publish an integer message to the ROS topic',B
"Which ROS message type is used for publishing the ticker value in PyChrono simulation? 'A. Float64', 'B. String', 'C. Int64', 'D. Bool'",C,"'A. Float64' is the correct ROS message type used for publishing the ticker value in PyChrono simulation. This type is suitable for representing numerical values, such as the elapsed time in seconds.",A
"What happens if the ROS manager indicates a problem during the simulation loop? 'A. The simulation continues', 'B. The simulation pauses', 'C. The loop exits', 'D. An error message is printed'",C,C. The loop exits,C
"What is the purpose of the 'chrono.SetChronoDataPath()' function? 'A. To set the simulation step size', 'B. To configure visualization settings', 'C. To set the data paths for the Chrono library', 'D. To initialize the vehicle model'",C,"C. To set the data paths for the Chrono library. This function is used to specify the directory where the Chrono library can find necessary data files, such as textures and models, which are essential for the simulation and visualization.",C
"What is the purpose of the 'ChContactMethod_NSC' in the simulation? 'A. To define the visualization type', 'B. To set the collision system', 'C. To specify the contact method for rigid body simulations', 'D. To initialize the vehicle'",C,"'C. To specify the contact method for rigid body simulations' is the correct answer. The 'ChContactMethod_NSC' is used to define the contact method for non-smooth contact simulations, which is essential for accurately simulating interactions between rigid bodies in the vehicle dynamics.",C
"What is the purpose of the 'ChRealtimeStepTimer' in the simulation loop? 'A. To control the rendering speed', 'B. To manage real-time simulation timing', 'C. To set the simulation step size', 'D. To initialize the vehicle's mass'",B,'B. To manage real-time simulation timing',B
"Which method is used to set the camera parameters in the visualization? 'A. vis.SetCamera()', 'B. vis.SetChaseCamera()', 'C. vis.SetView()', 'D. vis.SetCameraParams()'",B,"'B. vis.SetChaseCamera()' is the correct method used to set the camera parameters in the visualization. This method allows you to define how the camera follows the vehicle, enhancing the visual experience.",B
"What does the 'driver.GetInputs()' method return? 'A. The current vehicle speed', 'B. The driver inputs for steering and throttle', 'C. The vehicle's mass', 'D. The terrain height'",B,'B. The driver inputs for steering and throttle',B
"Which function is used to print the vehicle's mass to the console? 'A. print(vehicle.GetMass())', 'B. print(vehicle.GetTractor().GetMass())', 'C. print(vehicle.Mass())', 'D. print(vehicle.GetWeight())'",B,"'B. print(vehicle.GetTractor().GetMass())' is the correct function to print the vehicle's mass to the console. This method retrieves the mass of the tractor component of the vehicle, allowing you to display it.",B
"What is the purpose of the ChSystemNSC() method in PyChrono? 'A. To create a visual representation', 'B. To initialize a physical system', 'C. To add a sensor', 'D. To load a mesh'",B,'B. To initialize a physical system',B
"What does the SetPos() method do for a body in PyChrono? 'A. Sets the velocity', 'B. Sets the position', 'C. Sets the mass', 'D. Sets the orientation'",B,'B. Sets the position',B
"Which class is used to create a Lidar sensor in PyChrono? 'A. ChSensor', 'B. ChLidar', 'C. ChLidarSensor', 'D. ChSensorLidar'",C,"'C. ChLidarSensor' is the correct class used to create a Lidar sensor in PyChrono. This class is specifically designed for Lidar functionality, allowing you to define parameters such as update rate, horizontal and vertical samples, and scanning angles.",C
"Which method is used to access the most recent XYZI data from the Lidar sensor? 'A. GetLatestData()', 'B. GetMostRecentXYZIBuffer()', 'C. GetData()', 'D. AccessXYZIData()'",B,"'B. GetMostRecentXYZIBuffer()' is the correct method to access the most recent XYZI data from the Lidar sensor. This method retrieves the latest buffer containing the XYZI data, allowing you to process the most recent readings from the sensor.",B
"What does the PushFilter() method do in the context of Lidar sensors in PyChrono? 'A. Adds a new sensor', 'B. Applies a data processing filter', 'C. Removes a filter', 'D. Updates the sensor position'",B,'B. Applies a data processing filter',B
"Which method is used to perform a step of dynamics in the physical system? 'A. UpdateDynamics()', 'B. DoStep()', 'C. DoStepDynamics()', 'D. StepDynamics()'",C,"'C. DoStepDynamics()' is the correct method used to perform a step of dynamics in the physical system. This method advances the simulation by one time step, updating the state of all bodies based on the forces and constraints acting on them.",C
"What is the purpose of the ChVisualShapeTriangleMesh class in PyChrono? 'A. To create a physical body', 'B. To create a visual representation of a mesh', 'C. To manage sensors', 'D. To perform calculations'",B,'B. To create a visual representation of a mesh',B
"How is the Lidar sensor's offset pose defined in PyChrono? 'A. Using a ChVector3d', 'B. Using a ChFramed', 'C. Using a ChMatrix33d', 'D. Using a ChSensorPose'",B,"B. Using a ChFramed. The offset pose of the Lidar sensor is defined using a 'ChFramed' object, which allows you to specify both the position and orientation of the sensor relative to the body it is attached to.",B
"What is the purpose of the method SetTexture in the terrain configuration? 'A. To set the color of the terrain', 'B. To define the friction coefficient', 'C. To apply a texture image to the terrain', 'D. To initialize the terrain'",C,"The correct answer is 'C. To apply a texture image to the terrain'. The SetTexture method is used to specify a texture file that will be applied to the terrain, enhancing its visual representation in the simulation.",C
"What does the method GetMass return in the context of the vehicle? 'A. The total weight of the vehicle', 'B. The mass of the vehicle', 'C. The volume of the vehicle', 'D. The density of the vehicle'",B,'B. The mass of the vehicle',B
"Which method is used to set the camera to follow the vehicle? 'A. SetCameraPosition()', 'B. SetChaseCamera()', 'C. AttachCamera()', 'D. FollowVehicle()'",B,"'B. SetChaseCamera()' is the correct method used to set the camera to follow the vehicle in PyChrono. This method allows you to define how the camera tracks the vehicle, providing a dynamic view during the simulation.",B
"What is the purpose of the driver system in the simulation? 'A. To control the vehicle dynamics', 'B. To provide user input for vehicle control', 'C. To initialize the terrain', 'D. To render the visualization'",B,'B. To provide user input for vehicle control',B
"What is the purpose of the `chrono.SetChronoDataPath()` function? 'A. To set the initial position of the vehicle', 'B. To configure the data paths for the Chrono engine', 'C. To initialize the visualization', 'D. To create the terrain'",B,'B. To configure the data paths for the Chrono engine',B
"What does the `vehicle.Initialize()` method do? 'A. Sets the vehicle's mass', 'B. Initializes the vehicle with specified parameters', 'C. Starts the simulation', 'D. Configures the camera settings'",B,'B. Initializes the vehicle with specified parameters',B
"Which method is used to set the camera position relative to the vehicle? 'A. vis.SetCameraPosition()', 'B. vis.SetChaseCamera()', 'C. vis.SetCamera()', 'D. vis.SetViewPoint()'",B,"'B. vis.SetChaseCamera()' is the correct method to set the camera position relative to the vehicle in PyChrono. This method allows you to define a chase camera that follows the vehicle, providing a dynamic view of the simulation.",B
"What is the purpose of the `driver.GetInputs()` method? 'A. To retrieve the vehicle's mass', 'B. To get user inputs for vehicle control', 'C. To synchronize the terrain', 'D. To initialize the driver system'",B,'B. To get user inputs for vehicle control',B
"Which function is used to output the mass of the vehicle? 'A. vehicle.GetMass()', 'B. vehicle.GetVehicle().GetMass()', 'C. vehicle.GetWeight()', 'D. vehicle.MassOutput()'",B,'B. vehicle.GetVehicle().GetMass()' is the correct function to output the mass of the vehicle. This method retrieves the mass from the vehicle's underlying dynamics model.,B
"What is the purpose of the 'chrono' module in PyChrono? 'A. To provide core functionalities for creating and managing physical systems', 'B. To handle user input', 'C. To manage file I/O operations', 'D. To create graphical user interfaces'",A,'A. To provide core functionalities for creating and managing physical systems',A
"What does the 'SetFixed(True)' method do for a body in PyChrono? 'A. It allows the body to move freely', 'B. It makes the body immovable', 'C. It sets the body's mass to zero', 'D. It enables collision for the body'",B,'B. It makes the body immovable',B
"How do you initialize a spring link in PyChrono? 'A. spring.Initialize(body_1, ground)', 'B. spring.Initialize(body_1, ground, True)', 'C. spring.Initialize(body_1, ground, True, pointA, pointB)', 'D. spring.Initialize(ground, body_1, False)'",C,"The correct answer is 'B. spring.Initialize(body_1, ground, True)'. This method initializes the spring link between two bodies, where the third parameter specifies whether the spring is attached to a moving body or a fixed body.",B
"Which method is used to add a visual shape to a body in PyChrono? 'A. body.AddVisualShape(shape)', 'B. body.AddVisualShapeAsset(shape)', 'C. body.AddVisualShape(shape, frame)', 'D. body.AttachVisualShape(shape)'",C,"The correct method to add a visual shape to a body in PyChrono is 'A. body.AddVisualShape(shape)'. This method allows you to attach a visual representation to the body, which is essential for visualization purposes in the simulation.",A
"What is the purpose of the 'ChVisualShapeSpring' class in PyChrono? 'A. To create a visual representation of a spring', 'B. To simulate the physics of a spring', 'C. To manage the spring's properties', 'D. To define the spring's behavior in the simulation'",A,"The correct answer is 'A. To create a visual representation of a spring'. The 'ChVisualShapeSpring' class is used to generate a visual representation of a spring in the simulation, allowing users to see the spring's form and dynamics visually.",A
"Which method is used to run the main simulation loop in PyChrono? 'A. sys.Run()', 'B. vis.Run()', 'C. vis.Start()', 'D. sys.Execute()'",B,"The correct answer is 'B. vis.Run()'. This method is used to run the visualization loop in PyChrono, allowing the graphical representation of the simulation to update and render the scene continuously.",B
"What does the 'EnableCollision(False)' method do for a body in PyChrono? 'A. It enables collision detection for the body', 'B. It disables collision detection for the body', 'C. It makes the body immovable', 'D. It sets the body's mass to zero'",B,'B. It disables collision detection for the body',B
"What is the purpose of the `ChParticleEmitter` class in PyChrono? 'A. To create a physical body', 'B. To emit particles into the simulation', 'C. To visualize the simulation', 'D. To set collision properties'",B,'B. To emit particles into the simulation',B
"What type of collision system is set in the PyChrono simulation? 'A. ChCollisionSystem.Type_BULLET', 'B. ChCollisionSystem.Type_ODE', 'C. ChCollisionSystem.Type_SIMPLE', 'D. ChCollisionSystem.Type_NONE'",A,"'A. ChCollisionSystem.Type_BULLET' is the type of collision system set in the PyChrono simulation. This option utilizes the Bullet physics engine for efficient collision detection and response, which is particularly useful for simulations involving complex interactions and fast-moving objects.",A
"Which function is used to bind a body to the visualization system in PyChrono? 'A. vis.BindBody(body)', 'B. vis.BindItem(body)', 'C. vis.AttachBody(body)', 'D. vis.AddBody(body)'",B,A. vis.BindBody(body),A
"What does the `SetTexture` method do in the context of a body in PyChrono? 'A. Sets the mass of the body', 'B. Sets the visual appearance of the body', 'C. Sets the position of the body', 'D. Sets the collision properties of the body'",B,'B. Sets the visual appearance of the body',B
"What is the purpose of the `ChRandomShapeCreatorConvexHulls` class in the particle emitter? 'A. To create random shapes for particles', 'B. To set the texture of particles', 'C. To define the gravitational force', 'D. To manage particle emission rate'",A,A. To create random shapes for particles,A
"What is the purpose of the ChSystemNSC class in PyChrono? 'A. To create a visualization system', 'B. To manage the simulation environment', 'C. To define the physics of a body', 'D. To set the gravitational force'",B,'B. To manage the simulation environment',B
"How do you create a fixed ground body in PyChrono? 'A. ground.SetFixed(True)', 'B. ground.SetStatic(True)', 'C. ground.SetFixedBody(True)', 'D. ground.SetStaticBody(True)'",A,"'A. ground.SetFixed(True)' is the correct method to create a fixed ground body in PyChrono. This method ensures that the ground body does not move during the simulation, providing a stable reference point for other bodies.",A
"What is the purpose of the ChVisualShapeCylinder class in PyChrono? 'A. To define the physics of a cylinder', 'B. To create a visual representation of a cylinder', 'C. To manage cylinder collisions', 'D. To set the mass of a cylinder'",B,'B. To create a visual representation of a cylinder',B
"What does the ChLinkLockRevolute class represent in PyChrono? 'A. A fixed joint', 'B. A sliding joint', 'C. A revolute joint', 'D. A prismatic joint'",C,C. A revolute joint,C
"Which function is used to get the position of a body in PyChrono? 'A. body.GetPosition()', 'B. body.GetPos()', 'C. body.PosGet()', 'D. body.GetBodyPosition()'",B,'A. body.GetPosition()' is the correct function used to get the position of a body in PyChrono. This method returns the current position of the body in the simulation space.,A
"What is the purpose of the ChSystemNSC class in PyChrono? 'A. To create a visual representation of objects', 'B. To manage the simulation environment and dynamics', 'C. To handle user input', 'D. To perform mathematical calculations'",B,'B. To manage the simulation environment and dynamics',B
"How do you disable collision detection for a body in PyChrono? 'A. body.DisableCollision()', 'B. body.EnableCollision(False)', 'C. body.SetCollisionEnabled(False)', 'D. body.EnableCollision(False)'",D,"'A. body.DisableCollision()' is the correct method to disable collision detection for a body in PyChrono. This function ensures that the body will not participate in collision detection with other bodies, which can be useful for simplifying the simulation or when the body is intended to be a static object.",A
"What is the purpose of the ChLinkLockRevolute class in the double pendulum simulation? 'A. To create a fixed joint', 'B. To allow rotation around a single axis', 'C. To connect two bodies without rotation', 'D. To simulate a spring connection'",B,'B. To allow rotation around a single axis',B
"How is the initial position of a pendulum set in PyChrono? 'A. pend.SetInitialPosition(position)', 'B. pend.SetPos(position)', 'C. pend.SetPosition(position)', 'D. pend.SetStartPosition(position)'",B,"'A. pend.SetInitialPosition(position)' is the correct method to set the initial position of a pendulum in PyChrono. This function allows you to define where the pendulum starts in the simulation, which is crucial for accurate dynamic behavior.",A
"What class is used to create a visual shape for a cylinder in PyChrono? 'A. ChVisualShapeCylinder', 'B. ChCylinderShape', 'C. ChVisualCylinder', 'D. ChShapeCylinder'",A,'B. ChCylinderShape' is the correct class used to create a visual shape for a cylinder in PyChrono. This class allows you to define the visual representation of a cylindrical body in the simulation.,B
"What is the purpose of the ChColor class in PyChrono? 'A. To set the color of the background shapes', 'B. To set the color of visual shapes', 'C. To manage the simulation time', 'D. To create physical materials'",B,'B. To set the color of visual shapes',B
"Which function is used to create a full HMMWV vehicle model in PyChrono? 'A. veh.FALLHMMWV()', 'B. veh.HMMWV_Full()', 'C. veh.FHMMWV()', 'D. veh.NewHMMWV()'",B,'B. veh.HMMWV_Full()' is the correct function used to create a full HMMWV vehicle model in PyChrono. This function initializes all the necessary parameters and components for a comprehensive simulation of the High Mobility Multipurpose Wheeled Vehicle.,B
"What is the purpose of the ChRealtimeStepTimer() in the simulation loop? 'A. To control vehicle speed', 'B. To manage rendering time', 'C. To ensure real-time simulation pacing', 'D. To initialize the driver system'",C,"C. To ensure real-time simulation pacing. The `ChRealtimeStepTimer()` is used to maintain the simulation speed in real-time, ensuring that the simulation runs at a pace that corresponds to actual time, which is crucial for realistic interactions and responses in the simulation environment.",C
"Which method is used to add a visual shape to the terrain patch? 'A. patch.AddVisualShape()', 'B. patch.GetGroundBody().AddVisualShape()', 'C. patch.AddShape()', 'D. patch.AttachVisualShape()'",B,"'B. patch.GetGroundBody().AddVisualShape()' is the correct method to add a visual shape to the terrain patch. This method retrieves the ground body of the patch and allows you to attach a visual representation, such as a box or mesh, to it for visualization purposes.",B
"What does the driver.SetThrottleDelta(render_step_size / throttle_time) method control? 'A. The vehicle's steering angle', 'B. The vehicle's throttle response time', 'C. The vehicle's braking force', 'D. The vehicle's suspension stiffness'",B,'B. The vehicle's throttle response time',B
"What does the method vehicle.Initialize() do? 'A. Sets the vehicle's mass', 'B. Prepares the vehicle for simulation', 'C. Configures the vehicle's visualization', 'D. Resets the vehicle's position'",B,'B. Prepares the vehicle for simulation',B
"What is the purpose of the 'hmmwv.SetContactMethod()' function in the simulation? 'A. To set the vehicle's color', 'B. To define the type of contact physics', 'C. To initialize the vehicle', 'D. To set the vehicle's speed'",B,'B. To define the type of contact physics',B
"Which method is used to set the initial position of the HMMWV vehicle? 'A. hmmwv.SetInitPosition(coords)', 'B. hmmwv.SetPosition(coords)', 'C. hmmwv.InitializePosition(coords)', 'D. hmmwv.SetStartPosition(coords)'",A,"'A. hmmwv.SetInitPosition(coords)' is the correct method to set the initial position of the HMMWV vehicle in PyChrono. This method allows you to define where the vehicle starts in the simulation, which is crucial for accurate dynamics.",A
"What type of visualization is set for the HMMWV chassis in the simulation? 'A. VisualizationType_SIMPLE', 'B. VisualizationType_MESH', 'C. VisualizationType_SPRITE', 'D. VisualizationType_NONE'",B,"'B. VisualizationType_MESH' is the correct answer. This type of visualization provides a detailed representation of the HMMWV chassis, enhancing the visual realism of the simulation.",B
"What does the 'terrain.Initialize()' function do? 'A. It sets the terrain color', 'B. It prepares the terrain for interaction', 'C. It adds patches to the terrain', 'D. It starts the simulation'",B,'B. It prepares the terrain for interaction',B
"Which method is used to set the vehicle's engine type? 'A. hmmwv.SetEngineType()', 'B. hmmwv.SetMotorType()', 'C. hmmwv.EngineTypeSet()', 'D. hmmwv.SetDriveType()'",A,"'B. hmmwv.SetMotorType()' is the correct method to set the vehicle's engine type in PyChrono. This method allows you to specify the type of motor used in the vehicle, which can affect its performance characteristics.",B
"Which library is imported for vehicle dynamics models in PyChrono? 'A. pychrono.visual', 'B. pychrono.vehicle', 'C. pychrono.physics', 'D. pychrono.dynamics'",B,'B. pychrono.vehicle' is the correct library imported for vehicle dynamics models in PyChrono. This library contains classes and functions specifically designed to simulate the behavior of vehicles under various conditions.,B
"What does the 'vis.SetChaseCamera()' function configure? 'A. The vehicle's speed', 'B. The camera's position and behavior', 'C. The terrain's texture', 'D. The driver's controls'",B,'B. The camera's position and behavior',B
"What is the purpose of the 'ChSystemSMC()' in PyChrono? 'A. To create a new simulation system using the Smooth Contact model', 'B. To initialize a mesh object', 'C. To set gravitational acceleration', 'D. To add visual shapes to the simulation'",A,A. To create a new simulation system using the Smooth Contact model,A
"What does the 'SetDensity()' method do in the context of beam properties? 'A. Sets the mass of the beam', 'B. Sets the density of the beam material', 'C. Sets the volume of the beam', 'D. Sets the weight of the beam'",B,'B. Sets the density of the beam material',B
"Which class is used to create a beam section in PyChrono? 'A. ChBeamSection', 'B. ChBeamSectionCosserat', 'C. ChBeamSectionSimple', 'D. ChBeamSectionIGA'",B,"'B. ChBeamSectionCosserat' is the class used to create a beam section in PyChrono that allows for detailed modeling of beam properties, including cross-sectional characteristics and material properties.",B
"What is the purpose of the 'ChBuilderBeamIGA()' class? 'A. To create a mesh for FEA', 'B. To build IGA beams within a mesh', 'C. To initialize the simulation system', 'D. To set up visualization parameters'",B,"'B. To build IGA beams within a mesh' is the correct answer. The 'ChBuilderBeamIGA()' class is specifically designed to construct isogeometric analysis (IGA) beams within a finite element mesh, allowing for the simulation of beam dynamics accurately.",B
"How do you add a visual shape to the mesh in PyChrono? 'A. mesh.AddVisualShape(shape)', 'B. mesh.AddVisualShapeFEA(shape)', 'C. mesh.AddShape(shape)', 'D. mesh.AddVisual(shape)'",B,"'B. mesh.AddVisualShapeFEA(shape)' is the correct method to add a visual shape to the mesh in PyChrono. This method allows you to attach a visual representation to the finite element mesh, which is essential for visualizing the simulation results effectively.",B
"What does the 'SetMotorFunction()' method do for a motor in PyChrono? 'A. Sets the torque of the motor', 'B. Sets the speed function of the motor', 'C. Sets the position of the motor', 'D. Sets the power of the motor'",B,'B. Sets the speed function of the motor',B
"Which method is used to perform a static linear analysis in PyChrono? 'A. sys.DoLinearStaticAnalysis()', 'B. sys.DoStaticLinear()', 'C. sys.PerformStaticLinear()', 'D. sys.StaticLinearAnalysis()'",B,A. sys.DoLinearStaticAnalysis(),A
"Which method is used to initialize the HMMWV vehicle in PyChrono? 'A. vehicle.Initialize()', 'B. vehicle.Start()', 'C. vehicle.Init()', 'D. vehicle.Begin()'",A,A. vehicle.Initialize(),A
"Which collision system type is set for the vehicle's system? 'A. chrono.ChCollisionSystem.Type_BULLET', 'B. chrono.ChCollisionSystem.Type_BOX', 'C. chrono.ChCollisionSystem.Type_SPHERE', 'D. chrono.ChCollisionSystem.Type_NONE'",A,"A. chrono.ChCollisionSystem.Type_BULLET' is the correct answer. This option indicates that the Bullet physics engine is used for collision detection, which is suitable for real-time simulations involving complex interactions.",A
"What does the 'terrain.Initialize()' method do? 'A. Sets the vehicle's initial position', 'B. Initializes the terrain with a height map and texture', 'C. Creates the vehicle model', 'D. Configures the visualization settings'",B,'B. Initializes the terrain with a height map and texture',B
"Which method is used to get the vehicle's mass in the simulation? 'A. vehicle.GetMass()', 'B. vehicle.GetVehicle().GetMass()', 'C. vehicle.Mass()', 'D. vehicle.GetWeight()'",B,"'B. vehicle.GetVehicle().GetMass()' is the correct method to get the vehicle's mass in the simulation. This method accesses the underlying vehicle model to retrieve its mass, which is important for understanding the dynamics of the vehicle during the simulation.",B
"What does the `terrain.SetPlotType()` method do in the context of the simulation? 'A. Sets the type of vehicle', 'B. Configures the terrain visualization', 'C. Initializes the vehicle', 'D. Adjusts the camera settings'",B,'B. Configures the terrain visualization',B
"Which class is used to create the interactive driver system in the PyChrono simulation? 'A. ChDriver', 'B. ChInteractiveDriver', 'C. ChInteractiveDriverIRR', 'D. ChVehicleDriver'",C,"'B. ChInteractiveDriver' is the class used to create the interactive driver system in the PyChrono simulation. This class allows for user input to control the vehicle during the simulation, enabling real-time interaction.",B
"What does the `terrain.Initialize()` method require as parameters? 'A. Length, width, mesh resolution', 'B. Height, width, depth', 'C. Length, height, texture', 'D. Width, depth, friction'",A,"A. Length, width, mesh resolution",A
"How is the initial orientation of the vehicle defined in PyChrono? 'A. Using a 3D vector', 'B. Using a quaternion', 'C. Using Euler angles', 'D. Using a rotation matrix'",B,'B. Using a quaternion',B
"What does the 'terrain.Initialize()' method do in the context of the simulation? 'A. Sets the initial position of the terrain', 'B. Prepares the terrain for simulation', 'C. Configures the terrain's visualization', 'D. Creates the terrain object'",B,'B. Prepares the terrain for simulation',B
"What type of camera is set for the vehicle in the visualization? 'A. Static camera', 'B. Chase camera', 'C. Top-down camera', 'D. First-person camera'",B,"'B. Chase camera' is the type of camera set for the vehicle in the visualization. This camera follows the vehicle from a specified distance and angle, providing a dynamic view of the action.",B
"What is the purpose of the 'vis.Render()' method in the simulation loop? 'A. To update the vehicle's position', 'B. To render the current scene', 'C. To synchronize the driver inputs', 'D. To initialize the visualization system'",B,'B. To render the current scene',B
"What is the purpose of the `ChSystemNSC()` method in PyChrono? 'A. To create a new simulation system using Non-Smooth Contact dynamics', 'B. To load a mesh object', 'C. To initialize a sensor manager', 'D. To set the simulation time step'",A,A. To create a new simulation system using Non-Smooth Contact dynamics,A
"How do you create a camera sensor in PyChrono? 'A. sens.ChCameraSensor(ground_body, 30, offset_pose, 1280, 720, 1.408)', 'B. sens.CameraSensor(ground_body, 30, offset_pose, 1280, 720)', 'C. sens.ChCamera(ground_body, offset_pose, 1280, 720)', 'D. sens.Camera(ground_body, 30, offset_pose)'",A,"The correct way to create a camera sensor in PyChrono is 'A. sens.ChCameraSensor(ground_body, 30, offset_pose, 1280, 720, 1.408)'. This constructor initializes a camera sensor attached to the specified body, with parameters for the update rate, pose offset, resolution, and field of view.",A
"What is the purpose of the `SetMass(0)` method when creating a body in PyChrono? 'A. To make the body static', 'B. To set the body as movable', 'C. To define the body's density', 'D. To initialize the body's position'",A,A. To make the body static. Setting the mass to zero in PyChrono indicates that the body is static and will not be affected by forces or gravity during the simulation.,A
"Which method is used to add a visual shape to a body in PyChrono? 'A. mesh_body.AddVisualShape(trimesh_shape)', 'B. mesh_body.AttachShape(trimesh_shape)', 'C. mesh_body.AddShape(trimesh_shape)', 'D. mesh_body.SetVisualShape(trimesh_shape)'",A,"The correct method to add a visual shape to a body in PyChrono is 'A. mesh_body.AddVisualShape(trimesh_shape)'. This method allows you to attach a visual representation of the body, which is essential for visualization purposes in the simulation.",A
"What is the purpose of the `Update()` method in the sensor manager? 'A. To initialize sensors', 'B. To update sensor data', 'C. To register sensors', 'D. To remove sensors'",B,'B. To update sensor data',B
"How do you create a LiDAR sensor in PyChrono? 'A. sens.ChLidarSensor(ground_body, 5., offset_pose, 90, 300)', 'B. sens.LidarSensor(ground_body, 5., offset_pose)', 'C. sens.ChLidar(ground_body, 5., offset_pose)', 'D. sens.Lidar(ground_body, 5., offset_pose, 90, 300)'",A,"The correct answer is 'A. sens.ChLidarSensor(ground_body, 5., offset_pose, 90, 300)'. This is the syntax used to create a LiDAR sensor in PyChrono, where you specify the body it is attached to, the range, the pose offset, the horizontal field of view, and the number of samples.",A
"Which class is used to handle ROS communication in PyChrono? 'A. ChROSManager', 'B. ChROSPythonManager', 'C. ChROSHandler', 'D. ChROSCommunicationManager'",B,'B. ChROSPythonManager' is the class used to handle ROS communication in PyChrono. This class allows for the management of ROS nodes and the publishing of data to ROS topics.,B
"What does the `PushFilter()` method do in the context of sensors in PyChrono? 'A. It adds a data processing filter to the sensor', 'B. It initializes the sensor', 'C. It sets the sensor's position', 'D. It registers the sensor with the simulation'",A,'A. It adds a data processing filter to the sensor',A
"What is the purpose of the `SetName()` method for sensors in PyChrono? 'A. To define the sensor's output topic', 'B. To identify the sensor in the simulation', 'C. To set the sensor's position', 'D. To initialize the sensor's parameters'",B,'B. To identify the sensor in the simulation',B
"What is the purpose of the ChSystemNSC() method in PyChrono? 'A. To create a new simulation system with smooth contact', 'B. To create a new simulation system with non-smooth contact', 'C. To initialize the visualization system', 'D. To define simulation parameters'",B,'B. To create a new simulation system with non-smooth contact',B
"Which library is used for visualization in the PyChrono simulation? 'A. matplotlib', 'B. numpy', 'C. pychrono.irrlicht', 'D. pychrono.visualization'",C,C. pychrono.irrlicht,C
"Which function is used to add a motor to the crankshaft? 'A. sys.AddMotor(my_motor)', 'B. sys.Add(my_motor)', 'C. my_motor.Initialize()', 'D. sys.AddMotorFunction(my_motor)'",B,"The correct answer is 'A. sys.AddMotor(my_motor)'. This function is used to add a motor to the simulation system in PyChrono, allowing it to control the motion of connected bodies.",A
"What is the purpose of the SetRot() method in the crank creation section? 'A. To set the crank's position', 'B. To set the crank's rotation', 'C. To set the crank's speed', 'D. To set the crank's density'",B,'B. To set the crank's rotation',B
"Which method is used to advance the simulation by a time step? 'A. sys.StepDynamics()', 'B. sys.DoStep()', 'C. sys.DoStepDynamics(time_step)', 'D. sys.Advance(time_step)'",C,"The correct method to advance the simulation by a time step in PyChrono is 'C. sys.DoStepDynamics(time_step)'. This method is specifically designed for advancing the dynamics of the simulation by a specified time increment, allowing for the simulation to progress in discrete time steps.",C
"What does the AddTypicalLights() method do in the visualization setup? 'A. Adds a light source', 'B. Adds a camera', 'C. Initializes the simulation', 'D. Sets the window size'",A,A. Adds a light source,A
"Which command is used to create a box in the simulation? 'A. chrono.ChBodyEasyBox()', 'B. chrono.ChBodyFixed()', 'C. chrono.ChBodyStatic()', 'D. chrono.ChBodyBox()'",A,"'A. chrono.ChBodyEasyBox()' is the correct command to create a box in the simulation. This method allows for the easy creation of a box-shaped body with specified dimensions and density, simplifying the process of adding geometric shapes to the simulation.",A
"What is the purpose of the ChElasticityKirchhoffIsothropic class in PyChrono? 'A. To define rigid body dynamics', 'B. To create a mesh', 'C. To define material properties for isotropic materials', 'D. To visualize the simulation'",C,'C. To define material properties for isotropic materials',C
"How do you set the density of a material in PyChrono? 'A. material.SetDensity(density)', 'B. material.DensitySet(density)', 'C. material.SetMaterialDensity(density)', 'D. material.SetDensityTo(density)'",A,A. material.SetDensity(density),A
"What does the method sys.Setup() do in PyChrono? 'A. Initializes the visualization', 'B. Configures the physical system', 'C. Prepares the solver', 'D. Sets the output directory'",B,'B. Configures the physical system',B
"Which class is used to create nodes in the mesh for finite element analysis? 'A. fea.ChNodeFEA()', 'B. fea.ChNodeFEAxyz()', 'C. fea.ChNode()', 'D. fea.ChNodeMesh()'",B,"'B. fea.ChNodeFEAxyz()' is the correct class used to create nodes in the mesh for finite element analysis. This class is specifically designed for nodes that will hold displacement degrees of freedom, making it suitable for structural analysis.",B
"What is the purpose of the ChVisualShapeFEA class in PyChrono? 'A. To define material properties for finite element class', 'B. To create visual representations of finite element analysis', 'C. To manage the simulation loop', 'D. To set up the output directory'",B,'B. To create visual representations of finite element analysis',B
"Which solver is used for advanced performance in PyChrono simulations? 'A. ChSolverPardiso()', 'B. ChSolverPardisoMKL()', 'C. ChSolverBasic()', 'D. ChSolverAdvanced()'",B,"'B. ChSolverPardisoMKL()' is the solver used for advanced performance in PyChrono simulations. This solver is optimized for handling large systems of equations efficiently, making it suitable for complex simulations involving many bodies and interactions.",B
"Which method is used to update the physical system in the simulation loop? 'A. sys.UpdateSimulation()', 'B. sys.DoStep()', 'C. sys.DoStepDynamics(timestep)', 'D. sys.UpdateDynamics()'",C,"The correct method to update the physical system in the simulation loop is 'C. sys.DoStepDynamics(timestep)'. This method advances the simulation by a specified time step, allowing for the integration of dynamics over time.",C
"What is the purpose of the 'vis.SetWindowSize(1280, 720)' method? 'A. To set the simulation time', 'B. To define the size of the simulation window', 'C. To initialize the Turtlebot', 'D. To set the camera position'",B,'B. To define the size of the simulation window',B
"How is the robot's left wheel motor speed set to zero in the simulation? 'A. robot.SetMotorSpeed(0, LEFT_DRIVE_WHEEL)', 'B. robot.SetMotorSpeed(0, 0)', 'C. robot.SetMotorSpeed(0, RIGHT_DRIVE_WHEEL)', 'D. robot.SetMotorSpeed(0, -1)'",A,"The correct answer is 'A. robot.SetMotorSpeed(0, LEFT_DRIVE_WHEEL)'. This method is used to set the motor speed of the left drive wheel to zero, effectively stopping it.",A
"What does the method 'vis.BeginScene()' do in the visualization loop? 'A. Starts rendering the scene', 'B. Ends the rendering of the scene', 'C. Initializes the simulation', 'D. Sets the camera position'",A,A. Starts rendering the scene,A
"What is the purpose of 'chrono.ChContactMaterialNSC()' in the simulation? 'A. To create a visual representation of the ground', 'B. To define contact properties for the ground', 'C. To initialize the Turtlebot', 'D. To set the gravity of the simulation'",B,"'B. To define contact properties for the ground' is the correct answer. 'chrono.ChContactMaterialNSC()' is used to specify the contact material properties, such as friction and restitution, for the ground in the simulation.",B
"What does the 'robot.Initialize()' method do? 'A. Sets the robot's initial position', 'B. Prepares the robot for simulation', 'C. Starts the simulation', 'D. Configures the robot's sensors'",B,'B. Prepares the robot for simulation',B
"Which method is used to initialize the UAZBUS vehicle? 'A. vehicle.Start()', 'B. vehicle.Begin()', 'C. vehicle.Initialize()', 'D. vehicle.Setup()'",C,'C. vehicle.Initialize()' is the correct method to initialize the UAZBUS vehicle in PyChrono. This method prepares the vehicle for simulation by setting up its internal state and ensuring that all components are ready for interaction.,C
"What does the 'terrain.Initialize()' function do? 'A. Sets the terrain height', 'B. Creates the terrain object', 'C. Prepares the terrain for simulation', 'D. Applies texture to the terrain'",C,'C. Prepares the terrain for simulation',C
"Which method is used to set the camera tracking point in the simulation? 'A. vis.SetCamera(trackPoint)', 'B. vis.SetChaseCamera(trackPoint, distance, height)', 'C. vis.SetCameraTracking(trackPoint)', 'D. vis.InitializeCamera(trackPoint)'",B,"'B. vis.SetChaseCamera(trackPoint, distance, height)' is the correct method to set the camera tracking point in the simulation. This method allows you to define how the camera follows the vehicle, including its position relative to the vehicle.",B
"What is the purpose of the 'realtime_timer.Spin(step_size)' function in the simulation loop? 'A. To update the vehicle position', 'B. To synchronize the driver inputs', 'C. To maintain real-time simulation speed', 'D. To render the scene'",C,"C. To maintain real-time simulation speed. The 'realtime_timer.Spin(step_size)' function is used to ensure that the simulation runs at a consistent speed relative to real time, allowing for a realistic simulation experience.",C
"Which module is used for visualization in the PyChrono simulation? 'A. pychrono.visual', 'B. pychrono.irrlicht', 'C. pychrono.render', 'D. pychrono.display'",B,"'B. pychrono.irrlicht' is the correct module used for visualization in the PyChrono simulation. This module integrates the Irrlicht engine for rendering 3D graphics, allowing users to visualize the simulation environment and the interactions of objects in real-time.",B
"What is the output of the command 'print( ""VEHICLE MASS: "", vehicle.GetVehicle().GetMass())'? 'A. It prints the vehicle's speed', 'B. It prints the vehicle's mass', 'C. It prints the vehicle's position', 'D. It prints the vehicle's orientation'",B,'B. It prints the vehicle's mass',B
"What is the purpose of the 'SetContactMethod' function in the HMMWV vehicle setup? 'A. To define the vehicle's color', 'B. To set the physics contact method', 'C. To initialize the vehicle's engine', 'D. To configure the vehicle's steering system'",B,'B. To set the physics contact method',B
"Which module is used for vehicle models in PyChrono? 'A. pychrono.ros', 'B. pychrono.vehicle', 'C. pychrono.physics', 'D. pychrono.simulation'",B,'B. pychrono.vehicle' is the correct module used for vehicle models in PyChrono. This module provides the necessary classes and functions to simulate various vehicle dynamics and interactions with the environment.,B
"What does the 'SetChassisFixed' method do in the HMMWV setup? 'A. Makes the chassis immovable', 'B. Sets the chassis to be movable', 'C. Fixes the chassis to the ground', 'D. Disables the chassis'",B,'A. Makes the chassis immovable',A
"What does the 'SetTireStepSize' method configure in the HMMWV vehicle? 'A. The size of the tires', 'B. The simulation step size for tires', 'C. The friction of the tires', 'D. The weight of the tires'",B,'B. The simulation step size for tires',B
"Which handler is registered to synchronize ROS with the simulation clock? 'A. ChROSBodyHandler', 'B. ChROSDriverInputsHandler', 'C. ChROSClockHandler', 'D. ChROSTerrainHandler'",C,'C. ChROSClockHandler' is the handler registered to synchronize ROS with the simulation clock. This handler ensures that the timing of ROS messages aligns with the simulation's time progression.,C
"What is the purpose of the 'Advance' method in the simulation loop? 'A. To reset the simulation', 'B. To update the simulation state', 'C. To pause the simulation', 'D. To start the simulation'",B,'B. To update the simulation state',B
"Which class is used to create a vehicle in PyChrono? 'A. ChVehicle', 'B. Gator', 'C. ChVehicleModel', 'D. VehicleDynamics'",B,"'B. Gator' is the correct answer. In PyChrono, the 'Gator' class is used to create a specific vehicle model, which inherits from the base vehicle class and implements the dynamics and characteristics of the Gator vehicle.",B
"Which method is used to initialize the vehicle in PyChrono? 'A. gator.Init()', 'B. gator.Initialize()', 'C. gator.Start()', 'D. gator.Begin()'",B,'B. gator.Initialize()' is the correct method used to initialize the vehicle in PyChrono. This method prepares the vehicle for simulation by setting up its internal state and ensuring that all components are ready to function.,B
"What is the purpose of the 'ChSensorManager' class in PyChrono? 'A. To manage vehicle dynamics', 'B. To handle sensor data', 'C. To create the terrain', 'D. To set the simulation parameters'",B,'B. To handle sensor data',B
"Which method is used to set the initial position of the vehicle in PyChrono? 'A. gator.SetInitPosition(coords)', 'B. gator.SetPosition(coords)', 'C. gator.InitPosition(coords)', 'D. gator.SetStartPosition(coords)'",A,A. gator.SetInitPosition(coords),A
"Which method is used to add a patch to the terrain in PyChrono? 'A. terrain.AddPatch()', 'B. terrain.CreatePatch()', 'C. terrain.InsertPatch()', 'D. terrain.AddTerrainPatch()'",A,A. terrain.AddPatch(),A
"What is the purpose of the 'PushFilter' method in the camera sensor setup? 'A. To add a visual filter to the camera', 'B. To set the camera position', 'C. To initialize the camera', 'D. To start the simulation'",A,'A. To add a visual filter to the camera',A
"What does the 'Advance' method do in the simulation loop? 'A. It updates the simulation state for one timestep', 'B. It initializes the simulation', 'C. It sets the camera position', 'D. It creates the vehicle'",A,A. It updates the simulation state for one timestep,A
"What is the purpose of 'chrono.ChContactMaterialNSC()' in the context of the ground body? 'A. To define the visual properties of the ground', 'B. To set the physical properties for collision', 'C. To create a new simulation system', 'D. To initialize the Viper rover'",B,"'B. To set the physical properties for collision' is the correct answer. 'chrono.ChContactMaterialNSC()' is used to define the physical properties of the ground body, such as friction and restitution, which are crucial for determining how the rover interacts with the ground during the simulation.",B
"Which function is used to initialize the Viper rover's position and orientation? 'A. rover.SetPosition(init_pos)', 'B. rover.Initialize(chrono.ChFramed(init_pos, init_rot))', 'C. rover.Initialize(chrono.ChFrameD(init_pos, init_rot))', 'D. rover.InitPosition(init_pos, init_rot)'",B,"'B. rover.Initialize(chrono.ChFramed(init_pos, init_rot))' is the correct function used to initialize the Viper rover's position and orientation. This method takes a frame that includes both the position and the orientation, ensuring that the rover starts at the desired location and orientation in the simulation.",B
"What is the role of 'viper.ViperDCMotorControl()' in the simulation? 'A. To control the camera', 'B. To manage the rover's movement', 'C. To set the ground texture', 'D. To initialize the simulation system'",B,'B. To manage the rover's movement',B
"Which method is used to render the scene in the visualization loop? 'A. vis.RenderScene()', 'B. vis.BeginScene()', 'C. vis.Render()', 'D. vis.End()'",C,The correct answer is 'C. vis.Render()'. This method is used to render the current state of the scene in the visualization loop of a PyChrono application.,C
"What is the purpose of 'vis.AddLightWithShadow()' in the visualization setup? 'A. To add a camera', 'B. To create a light source with shadows', 'C. To initialize the simulation', 'D. To set the window title'",B,"'B. To create a light source with shadows' is the correct answer. This function adds a light source to the visualization that can cast shadows, enhancing the visual realism of the simulation.",B
